{
    "model_type": "Random Forest",
    "training_time": 417.3815493583679,
    "performance_metrics": {
        "accuracy": 0.999454276136275,
        "precision": 0.8372093023255814,
        "recall": 0.9113924050632911,
        "f1_score": 0.8727272727272727,
        "roc_auc": 0.9912990752723191,
        "avg_precision": 0.9172569295166927
    },
    "confusion_matrix": [
        [
            76776,
            28
        ],
        [
            14,
            144
        ]
    ],
    "feature_importance": {
        "time": 0.005602325206422725,
        "v1": 0.00653004946441532,
        "v2": 0.04054102792685175,
        "v3": 0.054513827329940576,
        "v4": 0.09896354096501891,
        "v5": 0.009826744278850188,
        "v6": 0.00845851416430165,
        "v7": 0.014511836585663393,
        "v8": 0.01069902970617855,
        "v9": 0.02693354793967241,
        "v10": 0.1219039088201489,
        "v11": 0.06163814803120227,
        "v12": 0.09997944075382649,
        "v13": 0.006395835049818599,
        "v14": 0.19834984244087464,
        "v15": 0.004706228569070385,
        "v16": 0.06077449067654168,
        "v17": 0.08635695078715291,
        "v18": 0.012086474270758759,
        "v19": 0.01034684079434624,
        "v20": 0.006439059026502929,
        "v21": 0.01814670078490607,
        "v22": 0.003942144784025718,
        "v23": 0.0037818724896525545,
        "v24": 0.002466836247136037,
        "v25": 0.003946260028962099,
        "v26": 0.004188781643788807,
        "v27": 0.007787307196825278,
        "v28": 0.004783513757032174,
        "amount": 0.005398920280112044
    },
    "model_parameters": {
        "bootstrap": true,
        "ccp_alpha": 0.0,
        "class_weight": "balanced",
        "criterion": "gini",
        "max_depth": 15,
        "max_features": "sqrt",
        "max_leaf_nodes": null,
        "max_samples": null,
        "min_impurity_decrease": 0.0,
        "min_samples_leaf": 4,
        "min_samples_split": 10,
        "min_weight_fraction_leaf": 0.0,
        "n_estimators": 100,
        "n_jobs": null,
        "oob_score": false,
        "random_state": 42,
        "verbose": 0,
        "warm_start": false
    }
}